Job ID,Job URL,Job Title,Company Name,Status,Timestamp,WP ID
a5e052d42b01a7b7,https://mx.linkedin.com/jobs/view/asistente-virtual-administrativo-modalidad-remota-at-universia-m%C3%A9xico-4436230753,Asistente Virtual  administrativo - Modalidad Remota,,scraped,2026-07-07T01:00:15.150041,
2a4c3ff69bae9fb0,https://mx.linkedin.com/jobs/view/auxiliar-de-admision-y-caja-cajero-a-at-universia-m%C3%A9xico-4436041988,AUXILIAR DE ADMISION Y CAJA (CAJERO/A),,scraped,2026-07-07T01:00:22.367217,
641b5e134c81e02b,https://mx.linkedin.com/jobs/view/ayudante-b-at-estafeta-mexicana-4435716538,AYUDANTE 'B',,scraped,2026-07-07T01:00:29.220469,
db37b0fb2b056be7,https://mx.linkedin.com/jobs/view/recepcionista-tiempo-completo-at-the-brick-soluciones-4436037354,Recepcionista (tiempo completo),,scraped,2026-07-07T01:00:36.501775,
49244b1890c891cf,https://mx.linkedin.com/jobs/view/capturista-de-datos-remoto-at-universia-m%C3%A9xico-4436248149,Capturista de datos - Remoto,,scraped,2026-07-07T01:01:46.608458,
a6c788b60e1b78ef,https://mx.linkedin.com/jobs/view/gerente-de-cedis-at-frialsa-frigor%C3%ADficos-4432789178,Gerente de CeDis,,scraped,2026-07-07T01:01:53.522449,
b67f83f626d2ebcb,https://mx.linkedin.com/jobs/view/gerente-regional-de-flotilla-cdmx-at-estafeta-mexicana-4434630117,GERENTE REGIONAL DE FLOTILLA CDMX,,scraped,2026-07-07T01:02:03.513506,
47ff573b3b9b786d,https://mx.linkedin.com/jobs/view/ayudante-de-operador-at-estafeta-mexicana-4434628276,AYUDANTE DE OPERADOR,,scraped,2026-07-07T01:03:14.056637,
123ed4cdad802cab,https://mx.linkedin.com/jobs/view/auxiliar-de-farmacia-hospitalario-at-hospitales-mac-4433191297,Auxiliar de Farmacia Hospitalario,,scraped,2026-07-07T01:03:21.397909,
5bf026b23a585e87,https://mx.linkedin.com/jobs/view/auxiliar-de-soluciones-al-cliente-at-estafeta-mexicana-4435713602,AUXILIAR DE SOLUCIONES AL CLIENTE,,scraped,2026-07-07T01:04:33.400020,
7c784324cc9b8c1f,https://mx.linkedin.com/jobs/view/merchand-temporal-at-cervecer%C3%ADa-y-malter%C3%ADa-quilmes-4437476793,Merchand Temporal,,scraped,2026-07-07T01:04:39.976080,
e4afbde31be1bcc2,https://mx.linkedin.com/jobs/view/operator-f-at-essity-4423146281,Operator F,,scraped,2026-07-07T01:04:47.131605,
e0bd0a0ebf424297,https://mx.linkedin.com/jobs/view/lm014-courier-at-fedex-4435842708,LM014: Courier,FedEx,posted,2026-07-07T01:05:11.220726,21
b0e629ce3dec0d15,https://mx.linkedin.com/jobs/view/procurador-de-fondos-at-barry-arnold-associates-4436472346,PROCURADOR DE FONDOS,Barry Arnold Associates,posted,2026-07-07T01:06:29.583437,23
d3559bd9cac841fc,https://mx.linkedin.com/jobs/view/site-inspection-lead-at-hilton-4436761583,Site Inspection Lead,,scraped,2026-07-07T01:06:32.213116,
309b9e22a1837591,https://mx.linkedin.com/jobs/view/autocaping-at-vishay-intertechnology-inc-4437450504,Autocaping,,scraped,2026-07-07T01:07:55.042729,
b29eb0300339a5fc,https://mx.linkedin.com/jobs/view/sourcing-specialist-at-ametek-4427986792,Sourcing Specialist,AMETEK,posted,2026-07-07T01:09:15.325077,25
76d2f8e5914d62f4,https://mx.linkedin.com/jobs/view/vigilante-at-sanborns-4436413831,Vigilante,Sanborns,posted,2026-07-07T01:09:52.197898,27
781eeb60a062ca5c,https://mx.linkedin.com/jobs/view/payroll-specialist-at-syntax-4428113789,Payroll Specialist,,scraped,2026-07-07T01:09:54.981671,
1840ad763a9ee5ef,https://mx.linkedin.com/jobs/view/protector-patrimonial-at-transportes-lock-sa-de-cv-4431980780,Protector Patrimonial,Transportes LOCK SA de CV,posted,2026-07-07T01:12:23.848173,29
58cee3027b478a92,https://mx.linkedin.com/jobs/view/process-technician-at-corning-incorporated-4431990342,Process Technician,Corning Incorporated,posted,2026-07-07T01:12:38.227031,31
ca3969cde97e0f9e,https://mx.linkedin.com/jobs/view/total-rewards-advisor-at-brp-4424805383,Total Rewards Advisor,,scraped,2026-07-07T01:12:40.977261,
d1deb5e5e21eac47,https://mx.linkedin.com/jobs/view/operations-technical-training-specialist-at-vertiv-4436431064,Operations Technical Training Specialist,,scraped,2026-07-07T01:12:47.744533,
f47d6fe1468d4200,https://mx.linkedin.com/jobs/view/canada-payroll-admin-at-michelin-4428065140,Canada Payroll Admin,,scraped,2026-07-07T01:12:56.385814,
8cb3fd406541665e,https://mx.linkedin.com/jobs/view/supply-chain-solutions-super-user-at-corning-incorporated-4432738074,Supply Chain Solutions Super User,Corning Incorporated,posted,2026-07-07T01:13:14.729665,33
3200747a9b777af2,https://mx.linkedin.com/jobs/view/vigilante-aguascalientes-at-prosegur-4436227453,VIGILANTE AGUASCALIENTES,,scraped,2026-07-07T01:13:17.414181,
854253948dd4b624,https://mx.linkedin.com/jobs/view/security-officer-a-at-four-seasons-4437144225,Security Officer A,Four Seasons,posted,2026-07-07T01:13:36.486014,35
38a2dee323286f0b,https://mx.linkedin.com/jobs/view/line-setter-at-valeo-4386988368,Line Setter,,scraped,2026-07-07T01:13:39.266367,
2b413d1fea37ea09,https://mx.linkedin.com/jobs/view/sourcing-specialist-%E2%80%93-chocolate-and-compound-na-la-at-mondel%C4%93z-international-4427650672,Sourcing Specialist – Chocolate and Compound NA/LA,Mondelēz International,posted,2026-07-07T01:14:03.598019,37
471c879aec481152,https://mx.linkedin.com/jobs/view/piloto-tbd-at-viva-4406423625,Piloto (TBD),,scraped,2026-07-07T01:14:06.489575,
cea6f3c8d44ef321,https://mx.linkedin.com/jobs/view/ingeniero-de-logistica-at-estafeta-mexicana-4435728100,INGENIERO DE LOGISTICA,,scraped,2026-07-07T01:15:17.114704,
58b3b88f16e83114,https://mx.linkedin.com/jobs/view/empleado-de-tienda-at-a-m%C3%B3vil-telcel-4436163531,Empleado de Tienda,,scraped,2026-07-07T01:15:24.219578,
9677dc0a40b280f4,https://mx.linkedin.com/jobs/view/analista-mkt-planning-at-coca-cola-femsa-4433154418,ANALISTA MKT PLANNING,Coca-Cola FEMSA,posted,2026-07-07T01:15:43.697055,39
af367e6177e92c4e,https://mx.linkedin.com/jobs/view/director-a-de-colegio-%E2%80%93-preescolar-primaria-y-secundaria-at-powerbell-4435420633,"Director(a) de Colegio – Preescolar, Primaria y Secundaria",PowerBell,posted,2026-07-07T01:16:31.618597,41
beef1c2d812e92dc,https://mx.linkedin.com/jobs/view/administrativo-de-cedis-log%C3%ADstica-at-cloe-4435785001,Administrativo de CEDIS/Logística,,scraped,2026-07-07T01:16:34.390068,
d934e8d3f5ccf199,https://mx.linkedin.com/jobs/view/cajero-multifuncional-at-naturalslim-m%C3%A9xico-4436462825,Cajero Multifuncional,,scraped,2026-07-07T01:17:46.848406,
77a63e1c3f2cd79a,https://mx.linkedin.com/jobs/view/recepcionista-at-grupo-plasencia-4433146012,Recepcionista,Grupo Plasencia,posted,2026-07-07T01:18:05.867979,43
396c591267ba8ed2,https://mx.linkedin.com/jobs/view/analista-calidad-cedis-platah-at-jugos-del-valle-santa-clara-4431556099,Analista Calidad CEDIS Platah,,scraped,2026-07-07T01:18:08.628076,
6946bcae16120fa3,https://mx.linkedin.com/jobs/view/recepcionista-at-domicile-developments-inc-4436793558,Recepcionista,,scraped,2026-07-07T01:18:16.568122,
0a680193c7ed6430,https://mx.linkedin.com/jobs/view/auxiliar-de-farmacia-at-f%C3%A1rmacos-darovi-4433146008,Auxiliar de farmacia,Fármacos Darovi,posted,2026-07-07T01:19:10.788320,45
46fc939f0c543551,https://mx.linkedin.com/jobs/view/robot-programmer-at-ars-automation-4437423922,Robot programmer,,scraped,2026-07-07T01:19:13.516292,
a5840d311cc3070f,https://mx.linkedin.com/jobs/view/assembly-line-setter-at-valeo-4335483167,Assembly Line Setter,,scraped,2026-07-07T01:21:03.050528,
11a337c175b0a9fe,https://mx.linkedin.com/jobs/view/logistics-specialist-qro-logistics-team-at-amazon-web-services-aws-4426563873,"Logistics Specialist, QRO Logistics Team",Amazon Web Services (AWS),posted,2026-07-07T01:21:36.931345,47
eeff15c3b0525003,https://mx.linkedin.com/jobs/view/hris-specialist-at-milacron-4436361931,HRIS Specialist,,scraped,2026-07-07T01:21:39.731438,
385a7e3f86b37bab,https://mx.linkedin.com/jobs/view/valuador-de-vehiculos-seminuevos-at-grupo-gasme-automotriz-4433755258,Valuador de vehiculos seminuevos,,scraped,2026-07-07T01:21:55.929523,
d77689ef0312d25f,https://mx.linkedin.com/jobs/view/r-program-administrator-at-sanmina-4437484025,(R) Program Administrator,,scraped,2026-07-07T01:22:03.133123,
a08aa6ccbb8b055f,https://mx.linkedin.com/jobs/view/hoji-gaggeessaa-olaanaa-at-sadetan-chora-farmers-coop-union-4434348805,Hoji-Gaggeessaa Olaanaa,,scraped,2026-07-07T01:22:18.731066,
54b9b7fd7710b43b,https://mx.linkedin.com/jobs/view/helper-assembly-test-operations-at-vishay-intertechnology-inc-4437459056,Helper Assembly & Test Operations,,scraped,2026-07-07T01:22:48.401991,
7660d8426ba67e54,https://mx.linkedin.com/jobs/view/performance-analyst-at-charger-logistics-inc-4436900617,Performance Analyst,,scraped,2026-07-07T01:22:56.181426,
49cbb910700f0f29,https://mx.linkedin.com/jobs/view/transportation-coordinator-at-the%C2%B7team-4436974353,Transportation Coordinator,THE·TEAM,posted,2026-07-07T01:23:11.752517,49
5d7d2fa0fea3a298,https://mx.linkedin.com/jobs/view/chofer-mensajero-at-himedi-4433909331,Chofer Mensajero,,scraped,2026-07-07T01:23:14.707366,
2008af5c93cf7ca5,https://mx.linkedin.com/jobs/view/mex-cajero-dual-at-santander-m%C3%A9xico-4434905397,MEX Cajero Dual,Santander México,posted,2026-07-07T01:24:08.582531,51
d61dd47972661270,https://mx.linkedin.com/jobs/view/coordinador-administrativo-at-magnocampo-4434936345,Coordinador Administrativo,,scraped,2026-07-07T01:24:11.626469,
127011d974997744,https://mx.linkedin.com/jobs/view/analista-de-reclutamiento-y-selecci%C3%B3n-de-personal-at-a-m%C3%B3vil-telcel-4436162555,Analista de Reclutamiento y Selección de Personal,,scraped,2026-07-07T01:24:33.888975,
29749360a6278636,https://mx.linkedin.com/jobs/view/recepcionista-at-mar%C3%ADa-linda-4433712618,Recepcionista,,scraped,2026-07-07T01:24:40.338192,
9555300da157252e,https://mx.linkedin.com/jobs/view/marketing-intern-at-coca-cola-femsa-4435265402,Marketing Intern,Coca-Cola FEMSA,posted,2026-07-07T01:24:59.679040,53
d866fe9ee3e8bac1,https://mx.linkedin.com/jobs/view/ayudante-centro-de-intercambio-at-estafeta-mexicana-4435718510,AYUDANTE CENTRO DE INTERCAMBIO,,scraped,2026-07-07T01:25:02.514574,
8f5f378df4e29e5d,https://mx.linkedin.com/jobs/view/auxiliar-de-proyectos-recien-egresado-at-people4business-4436441335,Auxiliar de Proyectos (Recien Egresado),,scraped,2026-07-07T01:26:13.602576,
97f6f6db2666719d,https://mx.linkedin.com/jobs/view/aux-de-vinos-at-la-comer-4432735306,Aux de vinos,La Comer,posted,2026-07-07T01:27:37.258753,55
39d4404367be7044,https://mx.linkedin.com/jobs/view/jefe-de-operaciones-at-reclutamiento-grupo-estrella-blanca-4431926781,jefe de operaciones,,scraped,2026-07-07T01:27:39.972290,
a791e03c889fa52f,https://mx.linkedin.com/jobs/view/responsable-de-farmacia-at-farmacias-benavides-4436975633,Responsable De Farmacia,Farmacias Benavides,posted,2026-07-07T01:27:57.315269,57
b3c63df4acabebd9,https://mx.linkedin.com/jobs/view/qro-vigilante-at-prosegur-4436273149,QRO VIGILANTE,,scraped,2026-07-07T01:28:00.045290,
ac5325ef21648670,https://mx.linkedin.com/jobs/view/trabajador-general-at-international-paper-4361397304,Trabajador General,,scraped,2026-07-07T01:28:06.970143,
d6c02ff8b56f395b,https://mx.linkedin.com/jobs/view/sharepoint-administrator-at-greif-4418026904,SharePoint Administrator,Greif,posted,2026-07-07T01:28:40.958306,59
319b7672374f97a2,https://mx.linkedin.com/jobs/view/surface-finisher-operator-at-steris-4436133450,Surface Finisher Operator,,scraped,2026-07-07T01:28:43.935702,
12dfd2922c3611eb,https://mx.linkedin.com/jobs/view/associate-analyst-at-danfoss-4436755771,Associate Analyst,,scraped,2026-07-07T01:29:32.928812,
879168c2ac0e17d8,https://mx.linkedin.com/jobs/view/maintenance-specialist-at-corteva-agriscience-4433131341,Maintenance Specialist,,scraped,2026-07-07T01:29:42.056780,
069066f2636ac4f8,https://mx.linkedin.com/jobs/view/craftsmanship-specialist-at-capgemini-engineering-4435371767,Craftsmanship specialist,,scraped,2026-07-07T01:30:59.162891,
654192608b3b7704,https://mx.linkedin.com/jobs/view/merchant-at-scoular-4417413367,Merchant,,scraped,2026-07-07T01:31:06.343477,
2bb356fc6767b20f,https://mx.linkedin.com/jobs/view/talent-acquisition-sourcer-at-slalom-4409364014,Talent Acquisition Sourcer,Slalom,posted,2026-07-07T01:32:01.495505,61
d80992f05a00561a,https://mx.linkedin.com/jobs/view/cajero-a-at-transportes-lock-sa-de-cv-4433900209,Cajero/a,Transportes LOCK SA de CV,posted,2026-07-07T01:32:32.431288,63
c5848cfccc15c116,https://mx.linkedin.com/jobs/view/repartidor-profesional-at-autozone-4435215754,REPARTIDOR PROFESIONAL,,scraped,2026-07-07T01:32:35.054131,
b73cbf76cf4cc9e6,https://mx.linkedin.com/jobs/view/repartidor-profesional-at-autozone-4435032194,REPARTIDOR PROFESIONAL,,scraped,2026-07-07T01:32:50.773948,
3dd7554874a2901b,https://mx.linkedin.com/jobs/view/montacarguista-at-dhl-supply-chain-4435379567,montacarguista,DHL Supply Chain,posted,2026-07-07T01:34:37.575639,65
41bc3c4996953d70,https://mx.linkedin.com/jobs/view/rooms-operator-at-four-seasons-4432310827,Rooms Operator,Four Seasons,posted,2026-07-07T01:34:51.174152,67
c9ad43b2abd1e7b3,https://mx.linkedin.com/jobs/view/agente-de-prevenci%C3%B3n-at-hyatt-4436267294,Agente de Prevención,Hyatt,posted,2026-07-07T01:35:11.537089,69
dc88d904375dcb4c,https://mx.linkedin.com/jobs/view/repartidor-con-auto-propio-pago-semanal-capacitaci%C3%B3n-at-99minutos-com-4436981415,Repartidor Con Auto Propio | Pago Semanal & Capacitación,,scraped,2026-07-07T01:35:14.227070,
6f20fbc3198ddf79,https://mx.linkedin.com/jobs/view/repartidor-profesional-at-autozone-4435222613,REPARTIDOR PROFESIONAL,,scraped,2026-07-07T01:35:21.220303,
799dc2bd93affe9a,https://mx.linkedin.com/jobs/view/repartidor-profesional-at-autozone-4434610050,REPARTIDOR PROFESIONAL,,scraped,2026-07-07T01:35:42.714202,
4bf0cad85a0bca58,https://mx.linkedin.com/jobs/view/valuador-de-autos-seminuevos-at-grupo-gasme-automotriz-4433749425,Valuador de  Autos Seminuevos,,scraped,2026-07-07T01:35:57.626049,
a8e409104e4cc9ca,https://mx.linkedin.com/jobs/view/plomero-at-four-seasons-4432318584,Plomero,Four Seasons,posted,2026-07-07T01:36:15.581821,71
036fa6f0c7902846,https://mx.linkedin.com/jobs/view/planner-at-vertiv-4436119237,Planner.,,scraped,2026-07-07T01:36:18.654982,
e5abb629007fc0a6,https://mx.linkedin.com/jobs/view/repartidor-profesional-at-autozone-4435416000,REPARTIDOR PROFESIONAL,,scraped,2026-07-07T01:36:27.148262,
31a142ad1ad1eb62,https://mx.linkedin.com/jobs/view/bell-captain-at-hilton-4436902590,Bell Captain,,scraped,2026-07-07T01:36:35.108793,
07806b5c6c1faae5,https://mx.linkedin.com/jobs/view/repartidor-profesional-at-autozone-4434192663,REPARTIDOR PROFESIONAL,,scraped,2026-07-07T01:37:02.411112,
01583bb00a2cc4bd,https://mx.linkedin.com/jobs/view/recolector-de-hub-at-autozone-4435227471,RECOLECTOR DE HUB,,scraped,2026-07-07T01:37:18.708862,
a0e0e67f57d9da18,https://mx.linkedin.com/jobs/view/recolector-de-hub-at-autozone-4435223551,RECOLECTOR DE HUB,,scraped,2026-07-07T01:37:46.014401,
8a80d598c9d13ffe,https://mx.linkedin.com/jobs/view/embobinado-automatico-at-vishay-intertechnology-inc-4437437985,EMBOBINADO AUTOMATICO,,scraped,2026-07-07T01:37:57.216221,
76d0daca88530dfb,https://mx.linkedin.com/jobs/view/embobinado-automatico-at-vishay-intertechnology-inc-4437439880,EMBOBINADO AUTOMATICO,,scraped,2026-07-07T01:38:11.409793,
3682078563041e99,https://mx.linkedin.com/jobs/view/embobinado-automatico-at-vishay-intertechnology-inc-4437448643,EMBOBINADO AUTOMATICO,,scraped,2026-07-07T01:38:56.474589,
087b7d9364e5d663,https://mx.linkedin.com/jobs/view/ayudante-centro-de-intercambio-at-estafeta-mexicana-4435717525,AYUDANTE CENTRO DE INTERCAMBIO,,scraped,2026-07-07T01:39:22.560616,
a35d1098c44e394c,https://mx.linkedin.com/jobs/view/cajero-vendedor-at-farmacias-benavides-4436794537,Cajero Vendedor,Farmacias Benavides,posted,2026-07-07T01:39:40.877661,73
3d50a58bb02d904a,https://mx.linkedin.com/jobs/view/gerente-abastecimiento-estrat%C3%A9gico-at-grupo-m%C3%A9xico-4436135948,Gerente Abastecimiento Estratégico,,scraped,2026-07-07T01:39:43.951860,
1d3b1127788b130f,https://mx.linkedin.com/jobs/view/urge-subgerente-de-tienda-at-universo-de-fragancias-sa-de-cv-4436786940,Urge Subgerente de Tienda,Universo de Fragancias SA de CV,posted,2026-07-07T01:40:01.442405,75
82e470c24422d847,https://mx.linkedin.com/jobs/view/jefe-de-operaciones-at-grupo-alpha-4432397010,Jefe de Operaciones,,scraped,2026-07-07T01:40:04.389651,
07cb5201d470e95c,https://mx.linkedin.com/jobs/view/recepcionista-at-reiseb%C3%BCro-viktor-schneider-4433723369,Recepcionista,,scraped,2026-07-07T01:40:12.053393,
5234bb9a40c312e1,https://mx.linkedin.com/jobs/view/picker-at-la-comer-4433700021,Picker,La Comer,posted,2026-07-07T01:40:32.463509,77
e3f90c029399910a,https://mx.linkedin.com/jobs/view/key-account-manager-at-walmart-de-m%C3%A9xico-y-centroam%C3%A9rica-4435303830,Key Account Manager,,scraped,2026-07-07T01:40:35.235668,
e8ead97bc1226f5a,https://mx.linkedin.com/jobs/view/coordinaci%C3%B3n-at-universidad-montrer-4436470495,Coordinación,,scraped,2026-07-07T01:40:42.556678,
de66104e8cbca045,https://mx.linkedin.com/jobs/view/facilities-manager-at-corning-incorporated-4433999648,Facilities Manager,Corning Incorporated,posted,2026-07-07T01:41:39.032119,79
0df4a14665ae8df5,https://mx.linkedin.com/jobs/view/process-technician-at-corning-incorporated-4432730283,Process Technician,Corning Incorporated,scraped,2026-07-07T01:42:02.803333,
221ac9a757203fb4,https://mx.linkedin.com/jobs/view/field-specialist-lwd-dd-at-baker-hughes-4436470275,Field Specialist LWD/DD,,scraped,2026-07-07T01:42:05.765010,
3e71904f1b337ebb,https://mx.linkedin.com/jobs/view/vigilante-slp-at-prosegur-4434335414,VIGILANTE SLP,,scraped,2026-07-07T01:42:20.501708,
b456a0415594bca8,https://mx.linkedin.com/jobs/view/vacation-consultant-at-posadas-4436909093,VACATION CONSULTANT,,scraped,2026-07-07T01:42:28.045217,
0d750a52e9b673a6,https://mx.linkedin.com/jobs/view/materials-planner-at-mahle-4429163727,Materials Planner,,scraped,2026-07-07T01:42:35.022922,
875e7da60597ad02,https://mx.linkedin.com/jobs/view/driver-recruiter-at-charger-logistics-inc-4436792304,Driver Recruiter,,scraped,2026-07-07T01:42:44.057611,
1c6cfa92a53017ee,https://mx.linkedin.com/jobs/view/mensajero-mitsubishi-quer%C3%A9taro-at-grupo-kasa-automotriz-4433770095,Mensajero Mitsubishi Querétaro,Grupo Kasa Automotriz,posted,2026-07-07T01:43:00.796631,81
e13a70396d0bb246,https://mx.linkedin.com/jobs/view/inspector-de-unidades-at-transportes-teknicos-especializados-de-cars-4432790156,Inspector de unidades,,scraped,2026-07-07T01:43:03.874121,
7419d5946bfb9558,https://mx.linkedin.com/jobs/view/facilities-specialist-at-wework-4405192739,Facilities Specialist,,scraped,2026-07-07T01:43:10.505734,
6513a91a117c0486,https://mx.linkedin.com/jobs/view/auxiliar-de-bodega-at-la-comer-4432730412,Auxiliar de bodega,La Comer,posted,2026-07-07T01:43:28.052788,83
46e434824dec5af7,https://mx.linkedin.com/jobs/view/analista-datos-junior-reci%C3%A9n-egresado-de-gesti%C3%B3n-de-asistencia-e-incidencias-at-swissport-4435716179,Analista datos junior (recién egresado) de gestión de asistencia e incidencias,,scraped,2026-07-07T01:43:30.849075,
828cb8c8920bfc98,https://mx.linkedin.com/jobs/view/gerente-alianzas-comerciales-celebra-at-el-palacio-de-hierro-4435487015,Gerente Alianzas Comerciales Celebra,El Palacio de Hierro,posted,2026-07-07T01:43:46.223287,85
0c01c51ab43404b7,https://mx.linkedin.com/jobs/view/recepcionista-one-monterrey-tecnologico-at-posadas-4436960865,RECEPCIONISTA ONE MONTERREY TECNOLOGICO,,scraped,2026-07-07T01:43:49.040833,
502966fd2a6f9450,https://mx.linkedin.com/jobs/view/atencion-a-cliente-at-startup1-4431934636,Atencion a cliente,StartUp1,posted,2026-07-07T01:44:05.887248,87
fcb7f946c5106882,https://mx.linkedin.com/jobs/view/especialista-comercial-1p-marketplace-at-mercado-libre-4434636459,Especialista Comercial 1P - Marketplace,,scraped,2026-07-07T01:44:08.991591,
4d65c54458f7c423,https://mx.linkedin.com/jobs/view/encargado-de-mantenimiento-at-salud-digna-4432397011,Encargado de mantenimiento,,scraped,2026-07-07T01:44:19.183456,
978df9be8efc2d02,https://mx.linkedin.com/jobs/view/dise%C3%B1o-de-interiores-at-pangea-s-oven-4437133428,Diseño de interiores,Pangea's Oven,posted,2026-07-07T01:45:09.999081,89
13b32330e5be1ab5,https://mx.linkedin.com/jobs/view/reclutador-de-campo-at-walmart-de-m%C3%A9xico-y-centroam%C3%A9rica-4435331179,Reclutador de Campo,,scraped,2026-07-07T01:45:12.915252,
255dcbe7c8e1c6ad,https://mx.linkedin.com/jobs/view/ejecutivo-de-compras-at-grupo-porres-4431993475,Ejecutivo de compras,Grupo Porres®,posted,2026-07-07T01:45:31.142601,91
8bd56a18af1dacdb,https://mx.linkedin.com/jobs/view/cajero-vendedor-at-sanborns-4436173011,Cajero Vendedor,Sanborns,posted,2026-07-07T01:46:03.314797,73
00977f077bf168ce,https://mx.linkedin.com/jobs/view/anfitri%C3%B3n-de-tienda-santa-clara-zentralia-colima-at-jugos-del-valle-santa-clara-4434383744,"Anfitrión de Tienda Santa Clara | Zentralia, Colima",,scraped,2026-07-07T01:46:06.115622,
b6aa015601bf0c91,https://mx.linkedin.com/jobs/view/sub-gerente-kfc-at-reclutamiento-grupo-estrella-blanca-4433796364,Sub Gerente  KFC,,scraped,2026-07-07T01:46:14.239596,
ba58e8c786af4dbe,https://mx.linkedin.com/jobs/view/subgerente-juguetron-plaza-citadina-at-grupo-juguetron-4433799282,Subgerente Juguetron Plaza Citadina,,scraped,2026-07-07T01:46:21.209706,
44be67f3c0dad976,https://mx.linkedin.com/jobs/view/auxiliar-administrativo-at-adn-aditsystems-4435391076,Auxiliar Administrativo,ADN ADITSYSTEMS,posted,2026-07-07T01:46:38.253981,93
9db4d842949acf6a,https://mx.linkedin.com/jobs/view/jefe-de-recibo-at-abarrey-4435279634,Jefe de Recibo,Abarrey,posted,2026-07-07T01:47:10.321362,95
f6940cf80fe01d8b,https://mx.linkedin.com/jobs/view/customer-service-manager-remote-at-huzzle-com-4436330948,Customer Service Manager - Remote,,scraped,2026-07-07T01:47:13.167889,
ae805a489b91b7d1,https://mx.linkedin.com/jobs/view/cajero-a-at-la-comer-4432787413,Cajero/a,La Comer,posted,2026-07-07T01:47:26.321756,63
fac8ca5f7dd41981,https://mx.linkedin.com/jobs/view/vendedor-multifuncional-at-namastec-m%C3%A9xico-4436966432,Vendedor Multifuncional,,scraped,2026-07-07T01:47:29.352193,
73c21917c905f451,https://mx.linkedin.com/jobs/view/ingeniero-de-procesos-at-kromberg-schubert-m%C3%A9xico-4432736254,Ingeniero de Procesos,,scraped,2026-07-07T01:47:36.562024,
c0674104b6a1387a,https://mx.linkedin.com/jobs/view/sr-recruiter-at-advanced-energy-4426197717,Sr Recruiter,,scraped,2026-07-07T01:47:44.733699,
50529149b490d959,https://mx.linkedin.com/jobs/view/purchasing-assistant-at-eaton-4432796341,Purchasing Assistant,Eaton,posted,2026-07-07T01:49:10.924845,97
4a5d93af2f6b1d47,https://mx.linkedin.com/jobs/view/food-beverage-manager-in-training-mit-at-four-seasons-4436183054,Food & Beverage Manager in Training (MIT),Four Seasons,posted,2026-07-07T01:49:25.174738,99
2389ed8867abf882,https://mx.linkedin.com/jobs/view/operario-de-universal-at-alstom-4433995021,Operario de Universal,,scraped,2026-07-07T01:49:27.850618,
89d2d041c60d9765,https://mx.linkedin.com/jobs/view/project-buyer-at-valeo-4436314480,Project Buyer,,scraped,2026-07-07T01:49:35.602747,
6bbae90adf42529d,https://mx.linkedin.com/jobs/view/access-management-analyst-i-at-allegion-4434636855,Access Management Analyst I,,scraped,2026-07-07T01:49:43.257745,
f9a4f66578bbabaf,https://mx.linkedin.com/jobs/view/estibador-at-dhl-express-4432073728,Estibador,DHL Express,posted,2026-07-07T01:49:59.424521,101
d916672b666d79f4,https://mx.linkedin.com/jobs/view/operario-de-universal-merida-at-alstom-4433990172,Operario de Universal Merida,,scraped,2026-07-07T01:50:02.121456,
f185e1fa48d25bf4,https://mx.linkedin.com/jobs/view/strategic-partnerships-sdr-at-multipli-4429549089,Strategic Partnerships SDR,,scraped,2026-07-07T01:50:09.516457,
f40d2682c246f068,https://mx.linkedin.com/jobs/view/maintenance-execution-coordination-at-the-heineken-company-4432315577,Maintenance Execution Coordination,The HEINEKEN Company,posted,2026-07-07T01:50:27.555042,103
7eb7f476f43f4ae3,https://mx.linkedin.com/jobs/view/auxiliar-de-sistemas-at-gocar-4432394058,Auxiliar de Sistemas,,scraped,2026-07-07T01:50:30.582834,
d0dec189e359d7fa,https://mx.linkedin.com/jobs/view/country-manager-m%C3%A9xico-at-moova-4433195214,Country Manager (México),,scraped,2026-07-07T01:50:41.828679,
d5c7998ffa604ef3,https://mx.linkedin.com/jobs/view/supervisi%C3%B3n-de-seguridad-e-higiene-at-csipa-soluciones-integrales-especializadas-4432787414,Supervisión de seguridad e higiene,,scraped,2026-07-07T01:50:48.424938,
a412943ce1ecc074,https://mx.linkedin.com/jobs/view/assistant-controller-at-axillon-aerospace-4432771247,Assistant Controller,,scraped,2026-07-07T01:50:59.198264,
43290e3e158e99ef,https://mx.linkedin.com/jobs/view/gerente-de-sucursal-en-metepec-at-la-europea-m%C3%A9xico-4436788892,Gerente de Sucursal en Metepec,,scraped,2026-07-07T01:51:14.552287,
e8dff1d465ec2228,https://mx.linkedin.com/jobs/view/auxiliar-de-atenci%C3%B3n-al-cliente-at-ups-4435023206,Auxiliar de Atención al Cliente,UPS,posted,2026-07-07T01:51:38.720220,105
22ad767fb5d16b5d,https://mx.linkedin.com/jobs/view/auxiliar-administrativo-a-at-grupo-vegusa-4433197061,Auxiliar administrativo/a,,scraped,2026-07-07T01:51:41.392074,
ba62c083d71da1dd,https://mx.linkedin.com/jobs/view/cajero-vendedor-at-sanborns-4436962706,Cajero Vendedor,Sanborns,posted,2026-07-07T01:52:18.039023,73
db457d9f0a31adde,https://mx.linkedin.com/jobs/view/visual-merchandiser-latam-at-zegna-4436905367,Visual Merchandiser LATAM,,scraped,2026-07-07T01:52:20.859621,
d5fb95a6af7f4569,https://mx.linkedin.com/jobs/view/especialista-de-job-marketing-at-walmart-de-m%C3%A9xico-y-centroam%C3%A9rica-4437429009,Especialista de Job marketing,,scraped,2026-07-07T01:52:27.886284,
ac57d20cc9d16b72,https://mx.linkedin.com/jobs/view/coordinador-de-capacitaci%C3%B3n-at-neolpharma-sa-de-cv-4433723367,Coordinador de Capacitación,,scraped,2026-07-07T01:52:34.853919,
00c608d8ccd594bb,https://mx.linkedin.com/jobs/view/consultor-de-talento-y-cultura-at-buk-4426613843,Consultor de Talento y Cultura,Buk,posted,2026-07-07T01:52:50.909321,107
2088b1235349c5ff,https://mx.linkedin.com/jobs/view/jefe-administrativo-at-nestl%C3%A9-4436444171,Jefe Administrativo,Nestlé,posted,2026-07-07T01:53:02.640903,109
2372664c06310250,https://mx.linkedin.com/jobs/view/ayudante-general-at-la-casa-de-to%C3%B1o-4435325277,Ayudante General,,scraped,2026-07-07T01:53:05.372148,
c334ec97131d0698,https://mx.linkedin.com/jobs/view/consultor-de-estrategia-de-negocio-at-servicio-de-alarmas-y-monitoreo-adt-4433123761,Consultor de estrategia de negocio,,scraped,2026-07-07T01:53:12.139067,
d841f42a3d0f8c93,https://mx.linkedin.com/jobs/view/docente-at-innova-schools-4436425280,Docente,,scraped,2026-07-07T01:53:39.497774,
94f0b535d48c2178,https://mx.linkedin.com/jobs/view/ayudante-multifuncional-at-la-casa-de-to%C3%B1o-4437417106,Ayudante Multifuncional,,scraped,2026-07-07T01:53:46.931237,
20d45cc195a5bc6d,https://mx.linkedin.com/jobs/view/project-coordinator-at-dyopath-4436160432,Project Coordinator,,scraped,2026-07-07T01:53:53.262469,
4a504c20e0c1a36e,https://mx.linkedin.com/jobs/view/project-manager-reci%C3%A9n-egresado-at-tv-azteca-4434373099,Project manager (recién egresado),,scraped,2026-07-07T01:54:08.548388,
0af404ea344fea03,https://mx.linkedin.com/jobs/view/cajero-a-at-la-comer-4432783685,Cajero/a,La Comer,posted,2026-07-07T01:54:22.223158,63
4dd544af527868aa,https://mx.linkedin.com/jobs/view/capita-de-meseros-at-sanborns-4437468656,CAPITA DE MESEROS,Sanborns,posted,2026-07-07T01:54:59.373792,111
f5c14c2c342fc2d5,https://mx.linkedin.com/jobs/view/office-manager-mexico-city-at-airbnb-4435878948,"Office Manager, Mexico City",,scraped,2026-07-07T01:55:02.113644,
2c3a685cadc629ba,https://mx.linkedin.com/jobs/view/gerente-de-ventas-at-artisan-field-inc-4435385346,Gerente de Ventas,,scraped,2026-07-07T01:55:10.698363,
c581dca89343ab48,https://mx.linkedin.com/jobs/view/encargado-de-turno-at-grupo-porres-4432780733,Encargado de turno,Grupo Porres®,posted,2026-07-07T01:55:43.744354,113
d518632d4a452fe2,https://mx.linkedin.com/jobs/view/supervisor-de-agente-de-servicio-al-pasajero-at-swissport-4435242682,Supervisor de Agente de servicio al pasajero,,scraped,2026-07-07T01:55:46.518927,
733e79461d46674e,https://mx.linkedin.com/jobs/view/comprador-jr-at-s%C3%BAper-naturista-4436915625,Comprador JR,,scraped,2026-07-07T01:55:53.879512,
b814898079296ed7,https://mx.linkedin.com/jobs/view/auxiliar-de-limpieza-oficina-nuevo-laredo-at-salud-digna-4432780723,Auxiliar de Limpieza Oficina Nuevo Laredo,,scraped,2026-07-07T01:56:00.824236,
e3db17673001f1ce,https://mx.linkedin.com/jobs/view/cajero-multifuncional-at-namastec-m%C3%A9xico-4436965534,Cajero Multifuncional,,scraped,2026-07-07T01:56:08.409132,
750bc3cfda00ffd5,https://mx.linkedin.com/jobs/view/coordinador-de-mantenimiento-at-sinergman-s-de-r-l-de-c-v-4433710692,Coordinador de Mantenimiento,,scraped,2026-07-07T01:56:15.240268,
254244fdb52f1d59,https://mx.linkedin.com/jobs/view/subgerente-de-tienda-at-modatelas-4436906239,Subgerente de Tienda,MODATELAS,posted,2026-07-07T01:56:31.961722,115
08f309da974e9ab0,https://mx.linkedin.com/jobs/view/data-analyst-junior-at-softtek-4435285337,Data Analyst Junior,,scraped,2026-07-07T01:56:34.699267,
2f028a6c0db7438a,https://mx.linkedin.com/jobs/view/auxiliar-de-seguridad-at-estafeta-mexicana-4434629249,AUXILIAR DE SEGURIDAD,,scraped,2026-07-07T01:56:42.014558,
6ab6a867f44ef367,https://mx.linkedin.com/jobs/view/cordinador-de-almacenes-junior-at-pepsico-4432717584,Cordinador de almacenes Junior,,scraped,2026-07-07T01:56:49.097096,
607266bfe250c683,https://mx.linkedin.com/jobs/view/arquitecto-a-at-milyssus-4436910823,Arquitecto(A),,scraped,2026-07-07T01:57:28.474676,
0047f34bc52a7ae1,https://mx.linkedin.com/jobs/view/coordinador-fomcec-at-universidad-de-monterrey-4436261517,Coordinador FOMCEC,Universidad de Monterrey,posted,2026-07-07T01:57:45.396494,117
fe955e79074fd150,https://mx.linkedin.com/jobs/view/cajero-a-at-la-comer-4433797342,Cajero/a,La Comer,scraped,2026-07-07T01:57:52.791615,
5aaf48dec40f7b42,https://mx.linkedin.com/jobs/view/coordinador-universidades-at-santander-m%C3%A9xico-4436937743,Coordinador Universidades,Santander México,posted,2026-07-07T01:58:40.478351,119
13d9ed88b988f0e8,https://mx.linkedin.com/jobs/view/analista-de-obra-at-aleatica-4432773962,Analista de Obra,,scraped,2026-07-07T01:58:43.214684,
7d0cae5bb67c7b9d,https://mx.linkedin.com/jobs/view/auxiliar-de-aduana-at-ups-4426920763,Auxiliar de Aduana,UPS,posted,2026-07-07T01:59:19.420358,121
a35dc13a520367fc,https://mx.linkedin.com/jobs/view/docente-de-producci%C3%B3n-de-espect%C3%A1culos-at-universidad-montrer-4433746484,Docente de Producción de Espectáculos,,scraped,2026-07-07T01:59:22.161805,
feb173a4cfd22905,https://mx.linkedin.com/jobs/view/repartidor-profesional-at-autozone-4435402614,REPARTIDOR PROFESIONAL,,scraped,2026-07-07T01:59:32.282233,
80c0cd0f88f5d270,https://mx.linkedin.com/jobs/view/operario-de-universal-merida-at-alstom-4433109981,Operario de Universal Merida,,scraped,2026-07-07T01:59:56.401521,
7bbbce332e38354d,https://mx.linkedin.com/jobs/view/new-hire-operator-production-at-yazaki-north-america-4428180750,"New Hire Operator, Production",,scraped,2026-07-07T02:00:03.926180,
1b565a9ed90edcc9,https://mx.linkedin.com/jobs/view/engineering-technician-at-corning-incorporated-4431989399,Engineering Technician,Corning Incorporated,posted,2026-07-07T02:00:35.917901,123
683ba639be792914,https://mx.linkedin.com/jobs/view/toezichthouder%0A-%0A-dronten-at-optisport-breda-4432353219,"Toezichthouder
                                                                                -
                                                                                Dronten",,scraped,2026-07-07T02:00:38.603203,
fe57672b33f0208b,https://mx.linkedin.com/jobs/view/op-especializado-c-nuevo-ingreso-at-cornelius-4417788314,Op Especializado C Nuevo Ingreso,,scraped,2026-07-07T02:00:46.886786,
f1f80a87636b208a,https://mx.linkedin.com/jobs/view/repartidor-profesional-at-autozone-4426902974,REPARTIDOR PROFESIONAL,,scraped,2026-07-07T02:01:10.397384,
d5189c682dc1ab74,https://mx.linkedin.com/jobs/view/commodity-buyer-stamping-at-brose-group-4430231293,Commodity Buyer - Stamping,,scraped,2026-07-07T02:01:18.140429,
52e758071cf55826,https://mx.linkedin.com/jobs/view/operations-training-specialist-at-flex-4435423260,Operations Training Specialist,,scraped,2026-07-07T02:01:24.793588,
6e264c094c15a4f6,https://mx.linkedin.com/jobs/view/panadero-at-posadas-4436969432,PANADERO,,scraped,2026-07-07T02:01:32.537208,
fe3057b33a3da569,https://mx.linkedin.com/jobs/view/director-general-at-confidencial-4436953825,Director general,CONFIDENCIAL,posted,2026-07-07T02:01:56.358275,125
22be3a1363414eb0,https://mx.linkedin.com/jobs/view/manager-production-planning-at-kromberg-schubert-m%C3%A9xico-4433127814,Manager Production Planning,,scraped,2026-07-07T02:01:59.122764,
df213144ae1da712,https://mx.linkedin.com/jobs/view/ayudante-general-quesos-at-jugos-del-valle-santa-clara-4435291511,Ayudante General Quesos,,scraped,2026-07-07T02:02:06.797245,
2daba61028b66080,https://mx.linkedin.com/jobs/view/graphic-designer-at-gorilla-commerce-4433109864,Graphic Designer,Gorilla Commerce,posted,2026-07-07T02:02:27.260032,127
3156bd13c0418135,https://mx.linkedin.com/jobs/view/aux-de-recibo-at-la-comer-4432389622,Aux de Recibo,La Comer,posted,2026-07-07T02:02:40.743097,129
fa0ed7f0d9e644aa,https://mx.linkedin.com/jobs/view/supervisor-de-control-y-automatizacion-at-neolpharma-sa-de-cv-4432775890,Supervisor de Control y Automatizacion,,scraped,2026-07-07T02:02:43.509204,
2a7844aaa44697c6,https://mx.linkedin.com/jobs/view/especialista-aseguramiento-de-calidad-at-crown-imports-llc-4436963014,"Especialista, Aseguramiento de Calidad",,scraped,2026-07-07T02:02:50.048635,
0f40eba9a0e0a588,https://mx.linkedin.com/jobs/view/promotor-de-cr%C3%A9dito-tienda-at-aviva-4435707206,Promotor de crédito [TIENDA],,scraped,2026-07-07T02:03:02.949917,
e2e85c098e634762,https://mx.linkedin.com/jobs/view/product-manager-at-huzzle-com-4435592855,Product Manager,,scraped,2026-07-07T02:03:10.255825,
f8d40b2f878b9fa1,https://mx.linkedin.com/jobs/view/director-ejecutivo-de-contact-center-at-universia-m%C3%A9xico-4435718218,Director Ejecutivo de Contact Center,,scraped,2026-07-07T02:03:17.902567,
65c897518d7ae00f,https://mx.linkedin.com/jobs/view/category-specialist-mechanical-electrical-at-abb-4431727658,Category Specialist (Mechanical / Electrical),,scraped,2026-07-07T02:03:25.182713,
aa348a54f93866ef,https://mx.linkedin.com/jobs/view/material-handler-at-mks-inc-4425322181,Material Handler,MKS Inc.,posted,2026-07-07T02:03:41.099790,131
ef8c41811d196dbb,https://mx.linkedin.com/jobs/view/ejecutivo-de-documentaci%C3%B3n-mar%C3%ADtimo-at-bufete-mexicano-de-aduanas-s-c-s-c-4433194150,Ejecutivo de Documentación Marítimo,,scraped,2026-07-07T02:03:43.756323,
a35f41f5a35e9ff4,https://mx.linkedin.com/jobs/view/lavador-especializado-at-trayecto-4435098392,LAVADOR ESPECIALIZADO,,scraped,2026-07-07T02:03:51.817714,
8bede97363c75c45,https://mx.linkedin.com/jobs/view/compensation-specialist-at-bosch-m%C3%A9xico-4422761005,Compensation Specialist,,scraped,2026-07-07T02:03:59.187267,
983326905ae5e35d,https://mx.linkedin.com/jobs/view/fleet-management-specialist-surface-at-epiroc-4436028733,Fleet Management Specialist Surface,,scraped,2026-07-07T02:04:06.432501,
119c48f1695c8c8f,https://mx.linkedin.com/jobs/view/reclutador-temporal-at-shaanxi-leige-pipe-co-ltd-4433743625,Reclutador Temporal,"Shaanxi LEIGE Pipe Co., ltd.",posted,2026-07-07T02:04:29.784248,133
399aed6e5e34c06f,https://mx.linkedin.com/jobs/view/refrigeration-subassembly-brazer-at-munters-4426328953,Refrigeration Subassembly Brazer,Munters,posted,2026-07-07T02:04:44.857667,135
e9adef60bb8d7c67,https://mx.linkedin.com/jobs/view/cna-at-covenant-health-4432703498,CNA,,scraped,2026-07-07T02:04:47.354587,
9e56b41d6a0c2d28,https://mx.linkedin.com/jobs/view/polarizador-at-grupo-plasencia-4432793043,Polarizador,,scraped,2026-07-07T02:05:02.146633,
3da5830850f30a19,https://mx.linkedin.com/jobs/view/key-account-chief-at-nestl%C3%A9-4436425976,Key Account Chief,Nestlé,posted,2026-07-07T02:05:37.974073,137
f3e357dde41da8fa,https://mx.linkedin.com/jobs/view/pintor-industrial-at-dsi-4436461483,Pintor Industrial,,scraped,2026-07-07T02:05:40.765113,
b4afbf56fd11d359,https://mx.linkedin.com/jobs/view/avs-at-hsbc-4434954323,AVS,HSBC,posted,2026-07-07T02:06:26.491046,139
1cdcd41f4420124f,https://mx.linkedin.com/jobs/view/remote-executive-assistant-operations-hiring-at-jobgether-4434307240,Remote Executive Assistant - Operations & Hiring,,scraped,2026-07-07T02:06:29.390291,
3c6cb61708f510ba,https://mx.linkedin.com/jobs/view/head-of-marketing-at-entrepreneur-cooperative-4436913564,Head of Marketing,,scraped,2026-07-07T02:06:36.447242,
20f3c70038ba0216,https://mx.linkedin.com/jobs/view/meseros-y-garroteros-at-sanborns-4436153776,Meseros y Garroteros,Sanborns,posted,2026-07-07T02:08:43.366175,141
5b7f61bf6b4c1126,https://mx.linkedin.com/jobs/view/analista-contable-at-hospitales-mac-4431943412,Analista contable,,scraped,2026-07-07T02:08:46.102077,
e3c9e692e5aa032f,https://mx.linkedin.com/jobs/view/planeador-cpfr-at-grupo-lala-4435832447,Planeador CPFR,,scraped,2026-07-07T02:08:54.872421,
5a8992ba874bf6b5,https://mx.linkedin.com/jobs/view/production-process-controller-controlador-de-proceso-de-producci%C3%B3n-at-proman-gpo-4435496699,Production Process Controller  / Controlador de Proceso de Producción,,scraped,2026-07-07T02:09:02.816232,
143f749606ca113f,https://mx.linkedin.com/jobs/view/topographic-surveyor-at-utopia-design-4433129433,Topographic Surveyor,,scraped,2026-07-07T02:09:11.082311,
875ce35cc5e4f4fe,https://mx.linkedin.com/jobs/view/auxiliar-administrativa-y-de-atenci%C3%B3n-a-clientes-at-mys-consultores-headhunters-4435787603,Auxiliar Administrativa y de Atención a Clientes,,scraped,2026-07-07T02:09:18.199244,
4fbfb2c2cabbce30,https://mx.linkedin.com/jobs/view/supervisor-de-obra-at-neolpharma-sa-de-cv-4432771976,Supervisor de Obra,,scraped,2026-07-07T02:09:27.280934,
99549954d71d2441,https://mx.linkedin.com/jobs/view/auxiliar-facturaci%C3%B3n-mesa-control-at-dicka-logistics-4431935634,Auxiliar facturación/Mesa control,,scraped,2026-07-07T02:09:34.149731,
f439a7c9d6afaeca,https://mx.linkedin.com/jobs/view/t%C3%A9cnico-de-soporte-at-universidad-an%C3%A1huac-mayab-4433750370,Técnico de Soporte,Universidad Anáhuac Mayab,posted,2026-07-07T02:09:52.059272,143
c9ce2f5d3299aef8,https://mx.linkedin.com/jobs/view/enfermeria-at-grupo-consulmed-4432388630,Enfermeria,,scraped,2026-07-07T02:09:54.779665,
86bd892dd63f209c,https://mx.linkedin.com/jobs/view/jefe-de-area-at-grupo-argentilia-4436166464,JEFE DE AREA,,scraped,2026-07-07T02:10:02.489993,
62bd5d94d75cb9e1,https://mx.linkedin.com/jobs/view/analista-de-cuentas-por-pagar-at-menzies-aviation-latam-4433182845,Analista de Cuentas por Pagar,,scraped,2026-07-07T02:10:08.993023,
c16b731a2cf02acb,https://mx.linkedin.com/jobs/view/practicante-recursos-humanos-at-ki-industries-inc-4436458599,Practicante Recursos Humanos,,scraped,2026-07-07T02:10:17.243598,
59c2b91074aa37aa,https://mx.linkedin.com/jobs/view/mesero-de-bar-exp-minima-san-jeronimo-at-sanborns-4436413845,MESERO DE BAR EXP MINIMA SAN JERONIMO,Sanborns,posted,2026-07-07T02:11:20.006338,145
36ecff36cab758ef,https://mx.linkedin.com/jobs/view/assistente-de-servicio-al-cliente-ciudad-de-m%C3%A9xico-at-harting-technology-group-4433284589,Assistente de Servicio al Cliente (Ciudad de México),HARTING Technology Group,posted,2026-07-07T02:12:08.010306,147
5809d215f13c21fe,https://mx.linkedin.com/jobs/view/medico-laboral-at-estafeta-mexicana-4435704948,MEDICO LABORAL,,scraped,2026-07-07T02:12:10.758901,
bcc1be5fbe6771da,https://mx.linkedin.com/jobs/view/auxiliar-administrativo-toyota-vallejo-at-grupo-kasa-automotriz-4431938611,Auxiliar administrativo / Toyota Vallejo,Grupo Kasa Automotriz,posted,2026-07-07T02:13:33.361332,149
08e5b20ac61710f2,https://mx.linkedin.com/jobs/view/medico-general-at-salud-digna-4432773958,Medico General,,scraped,2026-07-07T02:13:36.479013,
fa815f2c5dd27068,https://mx.linkedin.com/jobs/view/medico-general-at-salud-digna-4432777906,Medico General,,scraped,2026-07-07T02:13:43.565459,
6ea95f0fcd6b9ac5,https://mx.linkedin.com/jobs/view/marketing-coordinator-remote-from-mexico-spain-at-tessera-4433944932,Marketing Coordinator - Remote from Mexico/Spain,Tessera,posted,2026-07-07T02:16:09.484777,151
2d91002378870814,https://mx.linkedin.com/jobs/view/cajero-vendedor-at-sanborns-4437478021,Cajero Vendedor,Sanborns,posted,2026-07-07T02:16:41.353141,73
494a6fa0a753e545,https://mx.linkedin.com/jobs/view/country-manager-at-blinklearning-4436704571,Country Manager,,scraped,2026-07-07T02:16:44.275404,
1ea6a78fad7d6a0b,https://mx.linkedin.com/jobs/view/comprador-a-regional-de-abarrotes-at-grupo-zorro-abarrotero-4436439036,Comprador (a) Regional de Abarrotes,,scraped,2026-07-07T02:16:51.051894,
adeeb27715a63458,https://mx.linkedin.com/jobs/view/personal-de-mantenimiento-at-universidad-montrer-4436464716,Personal de Mantenimiento,,scraped,2026-07-07T02:16:58.004636,
00fb801fb1625e94,https://mx.linkedin.com/jobs/view/investigador-de-fraude-at-monex-grupo-financiero-4435469776,INVESTIGADOR DE FRAUDE,MONEX GRUPO FINANCIERO,posted,2026-07-07T02:17:19.435111,153
f283f8dd5bdbaa1b,https://mx.linkedin.com/jobs/view/custodio-chofer-at-estilo-e-imagen-models-groupe-4435879748,custodio chofer,,scraped,2026-07-07T02:17:22.353258,
41def07246c85641,https://mx.linkedin.com/jobs/view/gerente-de-cr%C3%A9ditos-v%C3%ADa-n%C3%B3mina-at-startup1-4432773957,Gerente de créditos vía nómina,StartUp1,posted,2026-07-07T02:17:40.982230,155
2168340fa80ff151,https://mx.linkedin.com/jobs/view/promotora-autoservicio-at-saran-property-management-ltd-4433142116,Promotora Autoservicio,SARAN PROPERTY MANAGEMENT LTD,posted,2026-07-07T02:17:53.028994,157
82cf1109b2999fe2,https://mx.linkedin.com/jobs/view/mx-store-manager-altacia-at-lululemon-4396759643,MX Store Manager | ALTACIA,,scraped,2026-07-07T02:17:56.081443,
28f06f7de7eb9c71,https://mx.linkedin.com/jobs/view/project-controller-at-mahle-4435833903,Project Controller,,scraped,2026-07-07T02:18:03.340555,
6c54a84f465bdf1d,https://mx.linkedin.com/jobs/view/community-manager-at-mauricio-benoist-4280522563,Community Manager,,scraped,2026-07-07T02:18:11.746363,
71badb4f1b1808d4,https://mx.linkedin.com/jobs/view/activities-coordinator-at-hilton-4436424679,Activities Coordinator,,scraped,2026-07-07T02:18:37.868907,
3b93cc0218c2ebb8,https://mx.linkedin.com/jobs/view/human-resources-manager-at-modine-manufacturing-company-4435853578,Human Resources Manager,,scraped,2026-07-07T02:18:50.905943,
1760c2ebe6425837,https://mx.linkedin.com/jobs/view/key-account-manager-monterrey-at-hamilton-beach-brands-inc-4435258247,Key Account Manager - Monterrey,,scraped,2026-07-07T02:18:58.672454,
102e9b29effe7dbd,https://mx.linkedin.com/jobs/view/global-commodity-manager-at-ametek-4427098157,Global Commodity Manager,,scraped,2026-07-07T02:19:18.157397,
d989851f206cb184,https://mx.linkedin.com/jobs/view/material-planner-manager-at-dauch-4436257441,Material planner Manager,,scraped,2026-07-07T02:20:32.438655,
77aaae1db8db1db5,https://mx.linkedin.com/jobs/view/buyer-iii-at-jabil-4435013685,BUYER III,,scraped,2026-07-07T02:20:45.309056,
0ff7b6c9e683a182,https://mx.linkedin.com/jobs/view/installer-at-kone-4436914374,Installer,,scraped,2026-07-07T02:21:36.332058,
13f5ebf52eb29e93,https://mx.linkedin.com/jobs/view/barmanager-at-artisan-field-inc-4436966431,BarManager,,scraped,2026-07-07T02:21:44.402775,
250587b8fb36e607,https://mx.linkedin.com/jobs/view/coordinador-de-proyectos-fluent-english-at-the-palace-company-4436388049,Coordinador de Proyectos (Fluent English),,scraped,2026-07-07T02:21:57.527813,
a66d37974efd8e8a,https://mx.linkedin.com/jobs/view/business-analyst-at-pyramid-consulting-inc-4436116335,Business Analyst,,scraped,2026-07-07T02:23:08.914928,
469123d5b66231e1,https://mx.linkedin.com/jobs/view/coordinator-us-wholesale-ecommerce-at-carters-inc-4437458117,"Coordinator, US Wholesale Ecommerce",Carters Inc.,posted,2026-07-07T02:24:01.215301,159
b47e5675a7fe504c,https://mx.linkedin.com/jobs/view/equipment-services-mechanics-at-sensata-technologies-4417405058,Equipment Services Mechanics,Sensata Technologies,posted,2026-07-07T02:24:35.578477,161
0b5fc6905fa9920a,https://mx.linkedin.com/jobs/view/procurement-specialist-onsite-1st-shift-avionics-at-collins-aerospace-4437150895,Procurement Specialist (Onsite) - 1st Shift - Avionics,,scraped,2026-07-07T02:24:38.302873,
7d269a09bd6a8e37,https://mx.linkedin.com/jobs/view/asistente-administrativo-a-at-orla-mining-ltd-4431985493,Asistente Administrativo (a),,scraped,2026-07-07T02:25:10.004361,
5c61f932c84f9147,https://mx.linkedin.com/jobs/view/%C2%A1kpmg-te-paga-por-aprender%21-at-kpmg-m%C3%A9xico-4435011133,¡KPMG Te Paga por Aprender!,KPMG México,posted,2026-07-07T02:25:27.087124,163
9fc6049b3cead896,https://mx.linkedin.com/jobs/view/arquitecto-a-at-milyssus-4436926305,Arquitecto(A),,scraped,2026-07-07T02:25:29.717730,
d3f02e49164cac01,https://mx.linkedin.com/jobs/view/vendedor-at-sanborns-4436118200,Vendedor,Sanborns,posted,2026-07-07T02:27:17.439723,165
4ca1e22b63f9a429,https://mx.linkedin.com/jobs/view/ejecutivo-ventas%C2%A0-one-durango-at-posadas-4435328264,EJECUTIVO VENTAS  ONE DURANGO,,scraped,2026-07-07T02:27:20.487997,
260ad2bb92d1858d,https://mx.linkedin.com/jobs/view/arquitecto-a-at-milyssus-4436922409,Arquitecto(A),,scraped,2026-07-07T02:27:27.665688,
d62529399f5fe8d0,https://mx.linkedin.com/jobs/view/encargado-de-almacen-inventarios-con-experiencia-en-almacenes-at-blue-marine-4435375691,Encargado De Almacen Inventarios Con Experiencia En Almacenes,Blue Marine,posted,2026-07-07T02:29:56.020858,167
307d5de14b61f756,https://mx.linkedin.com/jobs/view/profesor-a-de-dise%C3%B1o-industrial-en-innovaci%C3%B3n-at-universidad-de-monterrey-4436972769,Profesor/A De Diseño Industrial En Innovación,Universidad de Monterrey,posted,2026-07-07T02:30:08.156809,169
ccb69fac4c425a67,https://mx.linkedin.com/jobs/view/profesor-para-materia-de-vitivinicultura-y-enolog%C3%ADa-at-lottus-education-4433743621,Profesor para materia de Vitivinicultura  y Enología,,scraped,2026-07-07T02:30:11.132698,
2fe07c2b862d0a58,https://mx.linkedin.com/jobs/view/analista-de-ventas-ingeniero-el%C3%A9ctrico-at-weg-reclutamiento-4431547737,Analista De Ventas/Ingeniero Eléctrico,,scraped,2026-07-07T02:30:18.092849,
c0ea4e2ec6cc526b,https://mx.linkedin.com/jobs/view/project-manager-at-liquid-development-4435165353,Project Manager,,scraped,2026-07-07T02:30:25.592454,
07e76cd689a33f4c,https://mx.linkedin.com/jobs/view/freelance-grabaci%C3%B3n-de-tareas-cotidianas-para-proyecto-de-ia-at-toloka-annotators-4435118908,Freelance: grabación de tareas cotidianas para proyecto de IA,,scraped,2026-07-07T02:30:57.055608,
0f63054c20b617aa,https://mx.linkedin.com/jobs/view/coordinador-de-calidad-at-grupo-flosol-4433720401,Coordinador de Calidad,,scraped,2026-07-07T02:32:22.922086,
39c078bae66b76fb,https://mx.linkedin.com/jobs/view/analista-de-precios-at-walmart-4436374184,Analista de precios,,scraped,2026-07-07T02:32:31.589620,
4fd8cc3958250e8e,https://mx.linkedin.com/jobs/view/%C3%BAnete-a-nuestro-equipo-como-subgerente-de-tienda-at-grupo-aj-4432775886,Únete a nuestro equipo como Subgerente de Tienda.,GRUPO AJ,posted,2026-07-07T02:32:57.971087,171
686f232ba128729f,https://mx.linkedin.com/jobs/view/medico-general-at-salud-digna-4432782670,Medico General,,scraped,2026-07-07T02:33:00.623007,
6a599de2289b1235,https://mx.linkedin.com/jobs/view/jefe-de-auditor%C3%ADa-interna-corporativo-at-rassini-4434623946,Jefe de Auditoría Interna Corporativo,,scraped,2026-07-07T02:33:07.738923,
dea1b6aebdd6cd34,https://mx.linkedin.com/jobs/view/analista-de-marketplace-at-kiko-milano-4433703439,Analista de Marketplace,,scraped,2026-07-07T02:33:14.341013,
f92d35dd7fb9ee52,https://mx.linkedin.com/jobs/view/auxiliar-de-recursos-humanos-at-la-comer-4432382877,Auxiliar de recursos humanos,La Comer,posted,2026-07-07T02:33:32.856122,173
daaa86d2ff36bf04,https://mx.linkedin.com/jobs/view/auxiliar-de-cobranza-at-grupo-dmi-4435315632,AUXILIAR DE COBRANZA,,scraped,2026-07-07T02:33:35.924474,
fde32b2a8145ef8e,https://mx.linkedin.com/jobs/view/auxiliar-de-limpieza-industrial-at-ecolab-4436318047,Auxiliar de Limpieza Industrial,,scraped,2026-07-07T02:33:42.956802,
ee4557020a777871,https://mx.linkedin.com/jobs/view/ejecutivo-de-recuperaci%C3%B3n-d-e-negocio-recuperaciones-at-santander-m%C3%A9xico-4436725330,Ejecutivo de Recuperación | D.E. Negocio Recuperaciones,Santander México,posted,2026-07-07T02:35:01.003959,175
5e219d8d61d3cf6b,https://mx.linkedin.com/jobs/view/data-conversion-associate-guadalajara-mexico-at-paylocity-4377058237,"Data Conversion Associate, Guadalajara, Mexico",,scraped,2026-07-07T02:35:04.307654,
1d5112ef53ddd053,https://mx.linkedin.com/jobs/view/ejecutivo-de-recuperaciones-at-santander-4436901589,EJECUTIVO DE RECUPERACIONES,,scraped,2026-07-07T02:35:43.206587,
ae53b6f756a0e7be,https://mx.linkedin.com/jobs/view/equipment-maintenance-technician-at-flex-4435038398,Equipment Maintenance Technician,,scraped,2026-07-07T02:35:50.249307,
56db5367fb5effe3,https://mx.linkedin.com/jobs/view/analista-habilitacion-comercial-at-oxxo-4436151441,ANALISTA HABILITACION COMERCIAL,OXXO,posted,2026-07-07T02:36:11.360529,177
3017d21b0104c5dd,https://mx.linkedin.com/jobs/view/inspector-de-control-de-calidad-base-cjs-at-viva-4356771506,Inspector de Control de Calidad Base CJS,,scraped,2026-07-07T02:36:14.077966,
189530d45c25cd51,https://mx.linkedin.com/jobs/view/encargo-de-bodega-at-sanborns-4437467675,ENCARGO DE BODEGA,Sanborns,posted,2026-07-07T02:36:55.336679,179
7d49b17e1dfe8b08,https://mx.linkedin.com/jobs/view/swimming-coach-private-in-mar-vista-teachme-to-at-teachme-to-4435282954,Swimming Coach (Private) in Mar Vista | TeachMe.To,,scraped,2026-07-07T02:36:58.354016,
badc21b349ce2049,https://mx.linkedin.com/jobs/view/planning-and-logistic-bsa-at-pennengineering%C2%AE-4435269651,Planning and Logistic - BSA,,scraped,2026-07-07T02:37:22.646664,
3f6dbbfd583bd8a6,https://mx.linkedin.com/jobs/view/recepcionista-administrativa-at-tumut-tree-farm-4431926783,Recepcionista administrativa,Tumut Tree Farm,posted,2026-07-07T02:38:12.535373,181
8297cd728a54d90d,https://mx.linkedin.com/jobs/view/administrador-de-mantenimiento-de-flota-at-hq-platinum-4435410939,Administrador de Mantenimiento de Flota,,scraped,2026-07-07T02:38:15.543132,
c523b3085ef776c3,https://mx.linkedin.com/jobs/view/gerente-de-marketing-y-crm-at-city-storage-m%C3%A9xico-4436234455,Gerente de Marketing y CRM,,scraped,2026-07-07T02:39:27.810897,
47e84ef8ab3f0e21,https://mx.linkedin.com/jobs/view/picker-at-la-comer-4432391317,Picker,La Comer,posted,2026-07-07T02:39:45.484152,77
f45db06b89a206dd,https://mx.linkedin.com/jobs/view/gerente-de-zona-at-macropay-4435765923,GERENTE DE ZONA,,scraped,2026-07-07T02:39:48.482751,
2e540bad8439c7ca,https://mx.linkedin.com/jobs/view/reclutador-de-recursos-humanos-at-radiall-4431986815,Reclutador de Recursos Humanos,Radiall,posted,2026-07-07T02:40:10.005835,183
ef715f05bfe6f8d9,https://mx.linkedin.com/jobs/view/event-marketing-specialist-at-dacodes-4437482645,Event Marketing Specialist,DaCodes.,posted,2026-07-07T02:40:20.194621,185
e770b8ece3a156b4,https://mx.linkedin.com/jobs/view/reclutador-sr-at-tendencys-innovations-4436777476,Reclutador Sr.,,scraped,2026-07-07T02:40:22.996340,
48e76d940482bb52,https://mx.linkedin.com/jobs/view/director-of-technology-at-wherewework-jobs-4436000119,Director of Technology,wherewework Jobs,posted,2026-07-07T02:40:41.546892,187
1554b52ebc56bf32,https://mx.linkedin.com/jobs/view/regional-marketing-lead-mesoam%C3%A9rica-mexico-cac-at-syngenta-4437448033,Regional Marketing Lead Mesoamérica (Mexico & CAC),,scraped,2026-07-07T02:40:44.656596,
3d2651fdca06f1cf,https://mx.linkedin.com/jobs/view/gerente-de-tienda-chihuahua-at-wisefind-4435459435,Gerente de Tienda - Chihuahua,,scraped,2026-07-07T02:40:51.709859,
16e7292b78f4497a,https://mx.linkedin.com/jobs/view/retail-controller-at-lacoste-4417337478,Retail Controller,,scraped,2026-07-07T02:40:58.994862,
c30e12e7341b00ef,https://mx.linkedin.com/jobs/view/it-manager-at-leader-match-4435819706,IT Manager,,scraped,2026-07-07T02:41:06.253112,
fc4ac309bc2af5e4,https://mx.linkedin.com/jobs/view/project-manager-at-zurich-santander-insurance-america-4433719160,Project Manager,Zurich Santander Insurance America,posted,2026-07-07T02:41:36.748965,189
cb6557a606728bac,https://mx.linkedin.com/jobs/view/gerente-comercial-at-diltex-brands-4436930230,Gerente Comercial,,scraped,2026-07-07T02:41:39.278315,
0c9263919dfdea99,https://mx.linkedin.com/jobs/view/analista-de-suministros-at-coppel-4434945228,Analista de suministros,Coppel,posted,2026-07-07T02:42:30.481081,191
6ba7ec1bf8b6b1b1,https://mx.linkedin.com/jobs/view/data-scientist-at-pwc-acceleration-centers-4435823996,Data Scientist,PwC Acceleration Centers,posted,2026-07-07T02:42:44.062189,193
1a2d143591a9c23b,https://mx.linkedin.com/jobs/view/lider-ingeniero-de-producto-at-aperh-4435379286,LIDER INGENIERO DE PRODUCTO,,scraped,2026-07-07T02:42:47.107089,
87da512787efc133,https://mx.linkedin.com/jobs/view/virtual-assistant-to-ceo-remote-at-viva-talent-4437421835,Virtual Assistant to CEO (Remote),Viva Talent,posted,2026-07-07T02:43:07.844341,195
b0153b50f7ec69de,https://mx.linkedin.com/jobs/view/cajero-de-restaurante-at-sanborns-4436790794,CAJERO DE RESTAURANTE,Sanborns,posted,2026-07-07T02:43:44.513086,197
1b6d3505db9cffd6,https://mx.linkedin.com/jobs/view/auxiliar-de-limpieza-at-nice-de-mexico-reclutamiento-4436970896,Auxiliar de Limpieza,,scraped,2026-07-07T02:43:47.182811,
8e4b4a3b3df5de57,https://mx.linkedin.com/jobs/view/especialista-de-operaciones-3-intervention-services-at-weatherford-4427166035,Especialista de Operaciones 3/Intervention Services,Weatherford,posted,2026-07-07T02:44:04.890460,199
861ceeb44074a176,https://mx.linkedin.com/jobs/view/contralor-de-planta-mexicali-at-wisefind-4435469044,Contralor de Planta (Mexicali),Wisefind,posted,2026-07-07T02:44:19.282434,201
aafc14653fd33f48,https://mx.linkedin.com/jobs/view/customer-service-representative-export-operations-at-buckland-4436793384,Customer Service Representative (Export Operations),,scraped,2026-07-07T02:44:22.343453,
b414f6542c51c8cb,https://mx.linkedin.com/jobs/view/supplier-quality-technician-at-flowserve-corporation-4428322173,Supplier Quality Technician,,scraped,2026-07-07T02:45:32.993460,
37177521993a48a1,https://mx.linkedin.com/jobs/view/blue-collar-recruiter-at-all-funeral-services-llc-4431912121,Blue Collar Recruiter,"All Funeral Services, LLC",posted,2026-07-07T02:45:58.651756,203
eb99919e5408f716,https://mx.linkedin.com/jobs/view/prin-specialist-non-product-procurement-remote-at-collins-aerospace-4436929898,"Prin Specialist Non-Product, Procurement (Remote)",,scraped,2026-07-07T02:46:01.472059,
55fc4626e6df651e,https://mx.linkedin.com/jobs/view/procurement-coordinator-corporate-services-at-charger-logistics-inc-4436797723,Procurement Coordinator - Corporate Services,,scraped,2026-07-07T02:46:09.118566,
d929087574a60882,https://mx.linkedin.com/jobs/view/buyer-at-abb-4432453875,Buyer,,scraped,2026-07-07T02:46:16.350157,
9b3c605053e50ca8,https://mx.linkedin.com/jobs/view/empacador-manual-planta-milenio-at-procter-gamble-4416950602,Empacador Manual - Planta Milenio,Procter & Gamble,posted,2026-07-07T02:46:34.424360,205
3ab6f657ab07fc02,https://mx.linkedin.com/jobs/view/director-de-transformacion-manufactura-at-pisa-farmac%C3%A9utica-4436797651,DIRECTOR DE TRANSFORMACION MANUFACTURA,,scraped,2026-07-07T02:46:37.213717,
0601fe1c9bb2e98c,https://mx.linkedin.com/jobs/view/analista-de-calidad-y-mejora-continua-procesos-at-pick-and-collect-4436905292,ANALISTA DE CALIDAD Y MEJORA CONTINUA PROCESOS,Pick and Collect,posted,2026-07-07T02:47:29.847812,207
596e3290892a9586,https://mx.linkedin.com/jobs/view/ejecutivo-de-ventas-at-estafeta-mexicana-4435727131,EJECUTIVO DE VENTAS,,scraped,2026-07-07T02:47:32.494425,
5e9baae60ed8b36f,https://mx.linkedin.com/jobs/view/analista-de-estrategia-y-proyectos-de-experiencia-del-cliente-mercado-env%C3%ADos-at-mercado-libre-4431548902,Analista de Estrategia y Proyectos de Experiencia del Cliente- Mercado envíos,,scraped,2026-07-07T02:47:39.605137,
e3958e79721b8183,https://mx.linkedin.com/jobs/view/brand-designer-at-jobgether-4435788135,Brand Designer,,scraped,2026-07-07T02:48:51.673586,
5ea55dc18051a623,https://mx.linkedin.com/jobs/view/procurement-assistant-at-another-4436136217,Procurement Assistant,,scraped,2026-07-07T02:48:58.900162,
9833be2814d7c6e9,https://mx.linkedin.com/jobs/view/superintendente-en-mantenimiento-at-amphenol-4432754186,Superintendente en Mantenimiento,Amphenol,posted,2026-07-07T02:50:24.681228,209
44632d27eaa09432,https://mx.linkedin.com/jobs/view/sales-manager-americas-at-portcast-4436776357,Sales Manager (Americas),,scraped,2026-07-07T02:50:27.422901,
d51f2469dcdd1478,https://mx.linkedin.com/jobs/view/analista-legal-junior-at-moradauno-4431973758,Analista Legal Junior,,scraped,2026-07-07T02:50:34.482762,
a1670460e46cac9b,https://mx.linkedin.com/jobs/view/cajero-a-at-la-comer-4431944449,Cajero/a,La Comer,posted,2026-07-07T02:51:51.066756,63
ca90657a7e8ebb73,https://mx.linkedin.com/jobs/view/medico-general-at-salud-digna-4432384772,Medico General,,scraped,2026-07-07T02:51:53.587753,
78be04218cc5648d,https://mx.linkedin.com/jobs/view/xx-sr-brand-executive-at-the-heineken-company-4425654919,XX Sr Brand Executive,The HEINEKEN Company,posted,2026-07-07T02:53:16.083180,211
f1d24c7a84a69cda,https://mx.linkedin.com/jobs/view/retail-district-manager-cdmx-at-swarovski-4436755110,Retail District Manager - CDMX,SWAROVSKI,posted,2026-07-07T02:53:29.767812,213
8616038dbae4fa59,https://mx.linkedin.com/jobs/view/verificador-de-inventarios-at-frialsa-frigor%C3%ADficos-4431553074,Verificador de Inventarios,,scraped,2026-07-07T02:53:32.597937,
9c85223572e96568,https://mx.linkedin.com/jobs/view/maletero-at-reclutamiento-grupo-estrella-blanca-4433752331,Maletero,,scraped,2026-07-07T02:54:45.514991,
ed62075ba1895e48,https://mx.linkedin.com/jobs/view/analista-administrativo-at-transportes-lock-sa-de-cv-4432389619,Analista administrativo,Transportes LOCK SA de CV,posted,2026-07-07T02:55:04.854044,215
9aee5704c82d9c08,https://mx.linkedin.com/jobs/view/cajera-vendedora-taquilla-at-reclutamiento-grupo-estrella-blanca-4433141132,Cajera Vendedora Taquilla,,scraped,2026-07-07T02:55:07.629696,
bfc1923c25fa05be,https://mx.linkedin.com/jobs/view/analista-junior-de-tesorer%C3%ADa-y-presupuestos-at-taling-consulting-4436414836,Analista Junior de Tesorería y Presupuestos,TALING CONSULTING,posted,2026-07-07T02:56:52.638788,217
b84b15e44ccdad0e,https://mx.linkedin.com/jobs/view/vigilante-interno-at-sanborns-4436119216,Vigilante interno,Sanborns,posted,2026-07-07T02:57:29.908495,219
31bb9f6268cff35b,https://mx.linkedin.com/jobs/view/generalista-de-recursos-humanos-at-gevilla-4433191295,Generalista de Recursos Humanos,GEVILLA,posted,2026-07-07T02:57:53.489706,221
9293aa73f7cda934,https://mx.linkedin.com/jobs/view/prin-specialist-commodity-management-sourcing-remote-at-collins-aerospace-4436936572,"Prin Specialist, Commodity Management & Sourcing (Remote)",,scraped,2026-07-07T02:57:56.628994,
a952ce3ff8bd3667,https://mx.linkedin.com/jobs/view/technical-lead-cto-%E2%80%94-equity-only-early-stage-at-anora-4436979590,Technical Lead / Cto — Equity Only (Early Stage),,scraped,2026-07-07T02:58:11.740817,
ec4a7a0b866800bb,https://mx.linkedin.com/jobs/view/strategic-outsourcing-manager-at-strong-tower-partners-4435263667,Strategic Outsourcing Manager,,scraped,2026-07-07T02:58:18.914869,
fd883885ad4acc2e,https://mx.linkedin.com/jobs/view/ensamblador-at-veritiv-m%C3%A9xico-4423691842,Ensamblador,,scraped,2026-07-07T02:59:44.884906,
4ba4c56335646d56,https://mx.linkedin.com/jobs/view/community-manager-football-soccer-at-confidential-careers-4435879699,Community Manager (Football Soccer),,scraped,2026-07-07T02:59:51.954950,
b1adda073ec81874,https://mx.linkedin.com/jobs/view/value-stream-manager-cnc-at-esab-corporation-4414677981,Value Stream Manager_CNC,,scraped,2026-07-07T02:59:59.123153,
81929dc9561e8042,https://mx.linkedin.com/jobs/view/business-application-analyst-ii-master-data-at-fender-musical-instruments-corporation-4417476713,Business Application Analyst II - Master Data,,scraped,2026-07-07T03:00:06.745652,
f4d75bed6578a2d3,https://mx.linkedin.com/jobs/view/inventory-controller-receiving-clerk-hotel-construction-development-at-turner-townsend-4425852403,Inventory Controller & Receiving Clerk - Hotel Construction Development,,scraped,2026-07-07T03:00:45.378464,
01c67bf910533016,https://mx.linkedin.com/jobs/view/recepcionista-at-grupo-ruba-bolsa-de-trabajo-4433178927,Recepcionista,,scraped,2026-07-07T03:00:52.980358,
ce3bacd209d17c1c,https://mx.linkedin.com/jobs/view/documentador-a-at-grupo-365-4433755256,Documentador/a,,scraped,2026-07-07T03:00:59.977406,
c9a94aa2d17e1fba,https://mx.linkedin.com/jobs/view/analista-de-cr%C3%A9dito-y-cobranza-at-grupo-alpha-4432792087,Analista de Crédito y Cobranza,,scraped,2026-07-07T03:01:08.105255,
ac2e6f45effb30f6,https://mx.linkedin.com/jobs/view/analista-de-n%C3%B3mina-junior-at-buk-4413124431,Analista de Nómina Junior,Buk,posted,2026-07-07T03:01:25.698375,223
745e05e5f8a46b5d,https://mx.linkedin.com/jobs/view/l%C3%ADder-de-tienda-at-s%C3%BAper-naturista-4436916629,Líder de Tienda,,scraped,2026-07-07T03:01:28.293867,
fd336a970ffcb6ee,https://mx.linkedin.com/jobs/view/aux-de-cafe-at-la-comer-4431531993,Aux. de Cafe,La Comer,posted,2026-07-07T03:02:50.739421,225
3d6620e5d41738f0,https://mx.linkedin.com/jobs/view/asesor-de-ropa-at-coppel-4433916043,ASESOR DE ROPA,Coppel,posted,2026-07-07T03:03:27.479732,227
19996dcf1fb470c4,https://mx.linkedin.com/jobs/view/ejecutivo-de-atenci%C3%B3n-a-clientes-automotriz-at-grupo-autofin-monterrey-4432786538,Ejecutivo de Atención a Clientes Automotriz,,scraped,2026-07-07T03:03:30.334824,
d42a55a46483e810,https://mx.linkedin.com/jobs/view/auxiliar-de-almac%C3%A9n-refacciones-at-grupo-plasencia-4432392316,Auxiliar de almacén (refacciones),,scraped,2026-07-07T03:03:37.299367,
7f180d0816d413c7,https://mx.linkedin.com/jobs/view/medico-general-at-salud-digna-4433184686,Medico General,,scraped,2026-07-07T03:03:55.131096,
2c06308566831597,https://mx.linkedin.com/jobs/view/brand-copywriter-narrative-architect-at-mantra-creatividad-4436924309,Brand Copywriter & Narrative Architect,Mantra Creatividad,posted,2026-07-07T03:04:12.449264,229
2c5ffad66f152bbf,https://mx.linkedin.com/jobs/view/vendedor-multifuncional-at-namastec-m%C3%A9xico-4436962707,Vendedor Multifuncional,,scraped,2026-07-07T03:04:15.262064,
2d01f358fe84d162,https://mx.linkedin.com/jobs/view/t%C3%A9cnico-en-cableado-estructurado-at-sertres-4436102705,Técnico en cableado estructurado,,scraped,2026-07-07T03:04:22.705623,
bb8402b75a3df265,https://mx.linkedin.com/jobs/view/mex-cajero-dual-at-santander-m%C3%A9xico-4435357538,MEX Cajero Dual,Santander México,posted,2026-07-07T03:05:13.481644,51
15d57da60f3a781b,https://mx.linkedin.com/jobs/view/customer-care-manager-latam-at-novibet-4436099033,Customer Care Manager (LATAM),,scraped,2026-07-07T03:05:16.333619,
04e6833ea6652b6a,https://mx.linkedin.com/jobs/view/enfermero-a-laboral-at-grupo-consulmed-4432384768,Enfermero/a  Laboral,,scraped,2026-07-07T03:05:23.598918,
d56ea66be8ea059a,https://mx.linkedin.com/jobs/view/gestionador-de-avisos-at-grupo-365-4432377958,Gestionador de avisos,,scraped,2026-07-07T03:05:30.663185,
21c80f4c97c283b2,https://mx.linkedin.com/jobs/view/mex-cajero-dual-at-santander-m%C3%A9xico-4435363061,MEX Cajero Dual,Santander México,posted,2026-07-07T03:07:21.972446,51
51bd225ec719c172,https://mx.linkedin.com/jobs/view/l%C3%ADder-de-equipo-de-ventas-at-tripleten-4436433901,Líder de Equipo de Ventas,TripleTen,posted,2026-07-07T03:07:35.931761,231
0e1767909ecb4117,https://mx.linkedin.com/jobs/view/voice-narrator-fully-remote-upto-%24150-hr-at-mercor-4437108907,Voice Narrator - Fully Remote | Upto $150/hr,,scraped,2026-07-07T03:07:38.657806,
6559f007830bdb21,https://mx.linkedin.com/jobs/view/business-process-analyst-at-colgate-palmolive-4433972772,Business Process Analyst,Colgate-Palmolive,posted,2026-07-07T03:08:12.506235,233
b351fd041f3eb19d,https://mx.linkedin.com/jobs/view/staff-multifuncional-ventas-zona-esmeralda-at-wild-fork-m%C3%A9xico-4434695857,Staff Multifuncional / Ventas (Zona Esmeralda),,scraped,2026-07-07T03:08:15.219511,
4bc1cacc2024dfb1,https://mx.linkedin.com/jobs/view/practicante-recursos-humanos-at-ki-industries-inc-4436955061,Practicante Recursos Humanos,,scraped,2026-07-07T03:08:21.888418,
7cc3329b34e6797d,https://mx.linkedin.com/jobs/view/senior-accountant-at-teamswell-4435834518,Senior Accountant,Teamswell,posted,2026-07-07T03:08:46.775167,235
b1e98cad72585ae3,https://mx.linkedin.com/jobs/view/asesor-de-ventas-retail-de-lujo-at-grupo-encanto-4437467672,"Asesor de ventas, retail de lujo",,scraped,2026-07-07T03:08:49.435137,
6d575c25beff2334,https://mx.linkedin.com/jobs/view/gerente-de-mantenimientos-at-n-v-goudkust-4437491298,Gerente de Mantenimientos,N.V.Goudkust,posted,2026-07-07T03:09:30.751347,237
abc4c970712055b2,https://mx.linkedin.com/jobs/view/supply-chain-planning-analyst-at-pepsico-4433965838,Supply Chain Planning Analyst,,scraped,2026-07-07T03:09:33.555358,
50b610b07adac131,https://mx.linkedin.com/jobs/view/cajero-at-marein-organizing-4437464708,Cajero,,scraped,2026-07-07T03:10:53.853314,
edb29732492e10d6,https://mx.linkedin.com/jobs/view/film-scene-description-specialist-at-alignerr-4434905681,Film Scene Description Specialist,,scraped,2026-07-07T03:11:01.283477,
f18a52b5bf160366,https://mx.linkedin.com/jobs/view/cajero-vendedor-juguetron-galer%C3%ADas-cuernavaca-at-grupo-juguetron-4432779802,Cajero Vendedor Juguetron Galerías Cuernavaca,,scraped,2026-07-07T03:11:12.887981,
6a5b50b328782f8c,https://mx.linkedin.com/jobs/view/director-de-la-facultad-de-video-juegos-at-universidad-xochicalco-4436477169,Director de la Facultad de Video Juegos,Universidad Xochicalco,posted,2026-07-07T03:11:29.234926,239
